{
  "errorCode": 0, 
  "errorString": "ok", 
  "hotspots": [
    
    {
      "anchor": {
        "geolocation": {
          "lat": 17.062188, 
          "lon": -96.725716
        }
      }, 
      "icon": {
        "url": "https://raw.githubusercontent.com/GonzaloMG321/layar/master/1.jpg"
      },
      "id": 1, 
      "text": {
        "title": "Museo de los Pintores Oaxaqueños",
        "description": "El Museo de los Pintores Oaxaqueños se crea con la finalidad de ofrecer un espacio abierto al desarrollo contemporáneo de las artes plásticas y gráficas en la entidad, ofreciendo exposiciones que promuevan y difundan la obra de artistas oaxaqueños y generen un foro crítico e incluyente a las distintas maneras de hacer y apreciar el arte",
        "footnote": "Powered by Layar" 
      }
    },
  {
      "anchor": {
        "geolocation": {
          "lat": 17.060663, 
          "lon": -96.722993
        }
      }, 
      "icon": {
        "url": "https://raw.githubusercontent.com/GonzaloMG321/layar/master/2.jpg"
      },
      "id": 2, 
      "text": {
        "title": "Museo Textil de Oaxaca",
        "description": "El Museo Textil de Oaxaca ofrece una visión sobre los textiles oaxaqueños, de México y del mundo",
        "footnote": "Powered by Layar" 
      }
    }
    ,
    {
      "anchor": {
        "geolocation": {
          "lat": 17.066002, 
          "lon": -96.721690
        }
      }, 
      "icon": {
        "url": "https://raw.githubusercontent.com/GonzaloMG321/layar/master/3.jpg"
      },
      "id": 3, 
      "text": {
        "title": "Museo de Filatelia de Oaxaca",
        "description": "El Museo de la Flilatelia de Oaxaca (MUFI) es un recinto museográfico de la ciudad de Oaxaca, Oaxaca, dedicado a la difusión de la filatelia y el coleccionismo.",
        "footnote": "Powered by Layar"
      }
    },
    {
      "anchor": {
        "geolocation": {
          "lat": 17.063229,
          "lon": -96.724257 
        }
      }, 
      "icon": {
        "url": "https://raw.githubusercontent.com/GonzaloMG321/layar/master/4.png"
      },
      "id": 4, 
      "text": {
        "title": "MUSEO DE ARTE CONTEMPORÁNEO DE OAXACA (MACO)",
        "description": "Colección de obras plásticas oaxaqueña, nacional e internacional.",
        "footnote": "Powered by Layar"
      }
    },
    {
      "anchor": {
        "geolocation": {
          "lat": 17.065947, 
          "lon": -96.723284
        }
      }, 
      "icon": {
        "url": "https://raw.githubusercontent.com/GonzaloMG321/layar/master/5.jpg"
      },
      "id": 5, 
      "text": {
        "title": "Museo de las Culturas de Oaxaca, Santo Domingo",
        "description": "El Centro Cultural Santo Domingo es un conjunto arquitectónico que fue abierto al público el 24 de julio de 1998 y pertenece al Museo de las Culturas de Oaxaca .",
        "footnote": "Powered by Layar"
      }
    },
    {
      "anchor": {
        "geolocation": {
          "lat": 17.063407, 
          "lon": -96.726942
        }
      }, 
      "icon": {
        "url": "https://raw.githubusercontent.com/GonzaloMG321/layar/master/6.jpg"
      },
      "id": 6, 
      "text": {
        "title": "Museo de Arte Prehispanico de México Rufino Tamayo",
        "description": "El Museo de Arte Prehispánico de México Rufino Tamayo, abrió sus puertas al público el 29 de Enero de 1974. Su existencia obedece al gran deseo del eminente pintor Oaxaqueño de dar a la obra del mexicano antiguo, la categoría de arte que le había sido negada.",
        "footnote": "Powered by Layar"
      }
    }
  ], 
  "layer": "museosh5r9"
}
